institution.name,specialty.name,program.name,degree,program.link
ЮЗГУ,Конструирование и технология электронных средств (11.03.03),Проектирование и технологи электронных средств,Бакалавр,https://kursk.postupi.online/vuz/ffipi-yuzgu/programma/1089/
ЮЗГУ,Машиностроение (15.03.01),Оборудование и технология сварочного производства,Бакалавр,https://kursk.postupi.online/vuz/mtf-yuzgu/programma/378/
КГУ,Техносферная безопасность (20.03.01),Пожарная безопасность природно-техногенной сферы,Академический бакалавр,https://kursk.postupi.online/vuz/industrial-kgu-kursk/programma/959/
ЮЗГУ,Техносферная безопасность (20.03.01),Безопасность жизнедеятельности в техносфере,Бакалавр,https://kursk.postupi.online/vuz/mtf-yuzgu/programma/6213/
ЮЗГУ,Землеустройство и кадастры (21.03.02),Городской кадастр,Бакалавр,https://kursk.postupi.online/vuz/fsa-yuzgu/programma/928/
ЮЗГУ,Машиностроение (15.03.01),"Технология, оборудование и автоматизация машиностроительных производств",Бакалавр,https://kursk.postupi.online/vuz/mtf-yuzgu/programma/1944/
ЮЗГУ,Теплоэнергетика и теплотехника (13.03.01),Промышленная теплоэнергетика,Бакалавр,https://kursk.postupi.online/vuz/fsa-yuzgu/programma/876/
Филиал МИЭП в Курске,Менеджмент (38.03.02),Управление проектами,Бакалавр,https://kursk.postupi.online/vuz/filial-miep-kursk/programma/566/
Курский институт кооперации (филиал) БУКЭП,Экономика (38.03.01),Финансовые технологии в цифровой экономике,Бакалавр,https://kursk.postupi.online/vuz/ekonomicheskij-fakultet-kurskij-institut-kooperacii-bukep/programma/14828/
Курский филиал Финансового университета,Менеджмент (38.03.02),Менеджмент и управление бизнесом,Бакалавр,https://kursk.postupi.online/vuz/kurskij-filial-finuniversiteta/programma/2574/
ЮЗГУ,Менеджмент (38.03.02),Управление бизнесом,Бакалавр,https://kursk.postupi.online/vuz/feim-yuzgu/programma/2574/
КГУ,Международные отношения (41.03.05),Международные отношения: история и современность,Академический бакалавр,https://kursk.postupi.online/vuz/istoricheskij-fakultet-kgu-kursk/programma/863/
КГУ,Педагогическое образование (44.03.01),Информатика,Прикладной бакалавр,https://kursk.postupi.online/vuz/fmi-kgu-kursk/programma/460/
КГУ,Педагогическое образование (с двумя профилями подготовки) (44.03.05),Иностранный язык (английский) и Иностранный язык (немецкий/французский),Прикладной бакалавр,https://kursk.postupi.online/vuz/inyaz-kgu-kursk/programma/1880/
Курский филиал Финансового университета,Бизнес-информатика (38.03.05),ИТ-менеджмент в бизнесе (с применением ДОТ),Бакалавр,https://kursk.postupi.online/vuz/kurskij-filial-finuniversiteta/programma/6881/
КГУ,Педагогическое образование (с двумя профилями подготовки) (44.03.05),Русский язык и Литература,Прикладной бакалавр,https://kursk.postupi.online/vuz/filfak-kgu-kursk/programma/482/
КГУ,Музыкально-инструментальное искусство (53.03.02),Исполнительство на музыкальных инструментах: оркестровые струнные инструменты,Бакалавр,https://kursk.postupi.online/vuz/iskusstv-i-art-pedagogiki-kgu-kursk/programma/3335/
КГУ,Социология (39.03.01),Социология социокультурных изменений,Академический бакалавр,https://kursk.postupi.online/vuz/filosofii-i-sociologii-kgu-kursk/programma/6826/
КГУ,Юриспруденция (40.03.01),Гражданское право и гражданский процесс,Академический бакалавр,https://kursk.postupi.online/vuz/yurfak-kgu-kursk/programma/4385/
КГУ,Юриспруденция (40.03.01),"Судебная, правоохранительная и адвокатская деятельность",Академический бакалавр,https://kursk.postupi.online/vuz/yurfak-kgu-kursk/programma/5639/
КГУ,Педагогическое образование (44.03.01),Физическая культура,Прикладной бакалавр,https://kursk.postupi.online/vuz/fizkultury-i-sporta-kgu-kursk/programma/376/
КГУ,Государственное и муниципальное управление (38.03.04),Государственная и муниципальная служба,Бакалавр,https://kursk.postupi.online/vuz/institut-ekonomiki-i-upravleniya-kgu-kursk/programma/576/
КГУ,Психология (37.03.01),Психология. Социальная психология,Академический бакалавр,https://kursk.postupi.online/vuz/pedagogiki-i-psihologii-kgu-kursk/programma/3288/
КГУ,Педагогическое образование (44.03.01),Изобразительное искусство,Прикладной бакалавр,https://kursk.postupi.online/vuz/iskusstv-i-art-pedagogiki-kgu-kursk/programma/543/
КГУ,Профессиональное обучение (по отраслям) (44.03.04),Автотранспорт,Академический бакалавр,https://kursk.postupi.online/vuz/industrial-kgu-kursk/programma/6352/
КГУ,Психолого-педагогическое образование (44.03.02),Специальная психология,Бакалавр,https://kursk.postupi.online/vuz/pedagogiki-i-psihologii-kgu-kursk/programma/4981/
КГУ,Педагогическое образование (с двумя профилями подготовки) (44.03.05),Технология и Информатика / Безопасность жизнедеятельности,Бакалавр,https://kursk.postupi.online/vuz/industrial-kgu-kursk/programma/13961/
КГУ,Педагогическое образование (с двумя профилями подготовки) (44.03.05),Математика и Физика / Информатика,Бакалавр,https://kursk.postupi.online/vuz/fmi-kgu-kursk/programma/15685/
КГУ,Картография и геоинформатика (05.03.03),Геоинформатика,Прикладной бакалавр,https://kursk.postupi.online/vuz/egf-kgu-kursk/programma/180/
КГУ,Строительство (08.03.01),Промышленное и гражданское строительство,Прикладной бакалавр,https://kursk.postupi.online/vuz/hgf-kgu-kursk/programma/228/
КГУ,Информатика и вычислительная техника (09.03.01),Автоматизированные системы обработки информации,Бакалавр,https://kursk.postupi.online/vuz/fmi-kgu-kursk/programma/56/
Курский институт кооперации (филиал) БУКЭП,Экономика (38.03.01),Бизнес-аналитика в цифровой экономике,Бакалавр,https://kursk.postupi.online/vuz/ekonomicheskij-fakultet-kurskij-institut-kooperacii-bukep/programma/5164/
Курский институт кооперации (филиал) БУКЭП,Экономика (38.03.01),Экономика предприятия,Бакалавр,https://kursk.postupi.online/vuz/ekonomicheskij-fakultet-kurskij-institut-kooperacii-bukep/programma/424/
Курский институт кооперации (филиал) БУКЭП,Торговое дело (38.03.06),Коммерция и электронная торговля,Бакалавр,https://kursk.postupi.online/vuz/ekonomicheskij-fakultet-kurskij-institut-kooperacii-bukep/programma/13723/
Курский институт кооперации (филиал) БУКЭП,Товароведение (38.03.07),Товароведение и экспертиза товаров в таможенном деле и сфере обращения,Бакалавр,https://kursk.postupi.online/vuz/ekonomicheskij-fakultet-kurskij-institut-kooperacii-bukep/programma/654/
Курский институт кооперации (филиал) БУКЭП,Менеджмент (38.03.02),Цифровой маркетинг,Бакалавр,https://kursk.postupi.online/vuz/ekonomicheskij-fakultet-kurskij-institut-kooperacii-bukep/programma/10677/
Курский институт кооперации (филиал) БУКЭП,Экономика (38.03.01),"Бухгалтерский учет, анализ и аудит",Бакалавр,https://kursk.postupi.online/vuz/ekonomicheskij-fakultet-kurskij-institut-kooperacii-bukep/programma/390/
Курский институт кооперации (филиал) БУКЭП,Технология продукции и организация общественного питания (19.03.04),Технология и управление производством предприятий индустрии питания,Бакалавр,https://kursk.postupi.online/vuz/ekonomicheskij-fakultet-kurskij-institut-kooperacii-bukep/programma/5401/
МЭБИК,Экономика (38.03.01),Финансы и кредит,Бакалавр,https://kursk.postupi.online/vuz/fakultet-podgotovki-bakalavrov-mebik/programma/389/
МЭБИК,Торговое дело (38.03.06),Коммерция,Бакалавр,https://kursk.postupi.online/vuz/fakultet-podgotovki-bakalavrov-mebik/programma/1145/
МЭБИК,Государственное и муниципальное управление (38.03.04),Муниципальное управление,Бакалавр,https://kursk.postupi.online/vuz/fakultet-podgotovki-bakalavrov-mebik/programma/2780/
МЭБИК,Менеджмент (38.03.02),Менеджмент организации,Бакалавр,https://kursk.postupi.online/vuz/fakultet-podgotovki-bakalavrov-mebik/programma/307/
МЭБИК,Экономика (38.03.01),"Бухгалтерский учет, анализ и аудит",Бакалавр,https://kursk.postupi.online/vuz/fakultet-podgotovki-bakalavrov-mebik/programma/390/
МЭБИК,Управление персоналом (38.03.03),Управление персоналом в отраслях и сферах деятельности,Бакалавр,https://kursk.postupi.online/vuz/fakultet-podgotovki-bakalavrov-mebik/programma/314/
МЭБИК,Юриспруденция (40.03.01),Гражданское и предпринимательское право,Бакалавр,https://kursk.postupi.online/vuz/fakultet-podgotovki-bakalavrov-mebik/programma/5958/
МЭБИК,Прикладная информатика (09.03.03),Прикладная информатика в экономике,Бакалавр,https://kursk.postupi.online/vuz/fakultet-podgotovki-bakalavrov-mebik/programma/69/
МЭБИК,Реклама и связи с общественностью (42.03.01),Реклама и связи с общественностью в отраслях и сферах деятельности,Бакалавр,https://kursk.postupi.online/vuz/fakultet-podgotovki-bakalavrov-mebik/programma/332/
Академия госслужбы,Таможенное дело (38.05.02),Таможенное дело,Специалист таможенного дела,https://kursk.postupi.online/vuz/kagms/programma/481/
Академия госслужбы,Государственное и муниципальное управление (38.03.04),Организация системы государственного и муниципального управления,Бакалавр,https://kursk.postupi.online/vuz/kagms/programma/564/
Академия госслужбы,Юриспруденция (40.03.01),Правовое регулирование государственного и муниципального управления,Бакалавр,https://kursk.postupi.online/vuz/kagms/programma/650/
Академия госслужбы,Экономика (38.03.01),"Бухгалтерский учет, анализ и аудит",Бакалавр,https://kursk.postupi.online/vuz/kagms/programma/390/
Курский филиал Финансового университета,Менеджмент (38.03.02),Финансовый менеджмент,Бакалавр,https://kursk.postupi.online/vuz/kurskij-filial-finuniversiteta/programma/565/
Курский филиал Финансового университета,Экономика (38.03.01),Финансовая разведка,Бакалавр,https://kursk.postupi.online/vuz/kurskij-filial-finuniversiteta/programma/8448/
Курский филиал Финансового университета,Экономика (38.03.01),"Учет, анализ и аудит",Бакалавр,https://kursk.postupi.online/vuz/kurskij-filial-finuniversiteta/programma/390/
Курский ГАУ им. И. И. Иванова,Наземные транспортно-технологические комплексы (23.03.02),Эксплуатация автомобилей и тракторов,Бакалавр,https://kursk.postupi.online/vuz/inzhenernyj-fakultet-kurskaya-gsha/programma/11606/
Курский ГАУ им. И. И. Иванова,Продукты питания животного происхождения (19.03.03),Технология производства продуктов питания животного происхождения,Бакалавр,https://kursk.postupi.online/vuz/zooinzhenernyj-fakultet-kurskaya-gsha/programma/1663/
Курский ГАУ им. И. И. Иванова,Агрономия (35.03.04),Производство продукции растениеводства,Бакалавр,https://kursk.postupi.online/vuz/agrotehnologicheskij-fakultet-kurskaya-gsha/programma/11605/
Курский ГАУ им. И. И. Иванова,Агроинженерия (35.03.06),Электрооборудование и электротехнологии в АПК,Бакалавр,https://kursk.postupi.online/vuz/inzhenernyj-fakultet-kurskaya-gsha/programma/1717/
Курский ГАУ им. И. И. Иванова,Ветеринарно-санитарная экспертиза (36.03.01),Ветеринарно-санитарная экспертиза и безопасность сырья и пищевых продуктов,Бакалавр,https://kursk.postupi.online/vuz/fakultet-veterinarnoj-mediciny-kurskaya-gsha/programma/1601/
Курский ГАУ им. И. И. Иванова,Технология производства и переработки сельскохозяйственной продукции (35.03.07),"Технология производства, хранения и переработки продукции растениеводства",Бакалавр,https://kursk.postupi.online/vuz/agrotehnologicheskij-fakultet-kurskaya-gsha/programma/1703/
Курский ГАУ им. И. И. Иванова,Экономика (38.03.01),Экономика и управление в агробизнесе,Бакалавр,https://kursk.postupi.online/vuz/ekonomicheskij-fakultet-kurskaya-gsha/programma/3446/
Курский ГАУ им. И. И. Иванова,Агроинженерия (35.03.06),Технические системы в АПК,Бакалавр,https://kursk.postupi.online/vuz/inzhenernyj-fakultet-kurskaya-gsha/programma/1713/
Курский ГАУ им. И. И. Иванова,Землеустройство и кадастры (21.03.02),Землеустройство,Бакалавр,https://kursk.postupi.online/vuz/inzhenernyj-fakultet-kurskaya-gsha/programma/926/
Курский ГАУ им. И. И. Иванова,Агроинженерия (35.03.06),Машины и оборудование для хранения и переработки сельскохозяйственной продукции,Бакалавр,https://kursk.postupi.online/vuz/inzhenernyj-fakultet-kurskaya-gsha/programma/3436/
Курский ГАУ им. И. И. Иванова,Ветеринария (36.05.01),Болезни продуктивных и непродуктивных животных,Ветеринарный врач,https://kursk.postupi.online/vuz/fakultet-veterinarnoj-mediciny-kurskaya-gsha/programma/10046/
Курский ГАУ им. И. И. Иванова,Технология производства и переработки сельскохозяйственной продукции (35.03.07),"Технология производства, хранения и переработки продукции животноводства",Бакалавр,https://kursk.postupi.online/vuz/agrotehnologicheskij-fakultet-kurskaya-gsha/programma/1704/
Курский ГАУ им. И. И. Иванова,Экономика (38.03.01),"Учет, финансы и бизнес-аналитика в АПК",Бакалавр,https://kursk.postupi.online/vuz/ekonomicheskij-fakultet-kurskaya-gsha/programma/17110/
Курский ГАУ им. И. И. Иванова,Зоотехния (36.03.02),Технология производства продукции животноводства,Бакалавр,https://kursk.postupi.online/vuz/zooinzhenernyj-fakultet-kurskaya-gsha/programma/3021/
Курский ГАУ им. И. И. Иванова,Агрономия (35.03.04),Защита растений,Бакалавр,https://kursk.postupi.online/vuz/agrotehnologicheskij-fakultet-kurskaya-gsha/programma/1670/
Курский ГАУ им. И. И. Иванова,Информационные системы и технологии (09.03.02),Информационные системы и технологии в АПК,Бакалавр,https://kursk.postupi.online/vuz/inzhenernyj-fakultet-kurskaya-gsha/programma/11287/
Курский ГАУ им. И. И. Иванова,Юриспруденция (40.03.01),Гражданское и корпоративное право,Бакалавр,https://kursk.postupi.online/vuz/ekonomicheskij-fakultet-kurskaya-gsha/programma/5958/
Курский ГАУ им. И. И. Иванова,Садоводство (35.03.05),Декоративное садоводство,Бакалавр,https://kursk.postupi.online/vuz/agrotehnologicheskij-fakultet-kurskaya-gsha/programma/1691/
Курский ГАУ им. И. И. Иванова,Электроэнергетика и электротехника (13.03.02),Эксплуатация электрооборудования,Бакалавр,https://kursk.postupi.online/vuz/inzhenernyj-fakultet-kurskaya-gsha/programma/1202/
Курский ГАУ им. И. И. Иванова,Ландшафтная архитектура (35.03.10),Ландшафтное проектирование и дизайн,Бакалавр,https://kursk.postupi.online/vuz/agrotehnologicheskij-fakultet-kurskaya-gsha/programma/1695/
Филиал МИЭП в Курске,Экономика (38.03.01),Финансы и кредит,Бакалавр,https://kursk.postupi.online/vuz/filial-miep-kursk/programma/389/
Филиал МИЭП в Курске,Экономика (38.03.01),Экономика предприятий и организаций,Бакалавр,https://kursk.postupi.online/vuz/filial-miep-kursk/programma/424/
Филиал МИЭП в Курске,Менеджмент (38.03.02),Предпринимательство и управление бизнесом,Бакалавр,https://kursk.postupi.online/vuz/filial-miep-kursk/programma/1338/
Филиал МИЭП в Курске,Экономика (38.03.01),"Бухгалтерский учет, анализ и аудит",Бакалавр,https://kursk.postupi.online/vuz/filial-miep-kursk/programma/390/
Филиал МИЭП в Курске,Юриспруденция (40.03.01),Уголовно-правовой профиль,Бакалавр,https://kursk.postupi.online/vuz/filial-miep-kursk/programma/630/
Филиал МИЭП в Курске,Юриспруденция (40.03.01),Гражданско-правовой профиль,Бакалавр,https://kursk.postupi.online/vuz/filial-miep-kursk/programma/313/
КГМУ,Медико-профилактическое дело (32.05.01),Медико-профилактическое дело,"Врач по общей гигиене, по эпидемиологии",https://kursk.postupi.online/vuz/fakultet-mediko-profilakticheskogo-dela-kurskij-gmu/programma/1186/
КГМУ,Клиническая психология (37.05.01),Психология здоровья и спорта,Клинический психолог,https://kursk.postupi.online/vuz/fakultet-klinicheskoj-psihologii-kurskij-gmu/programma/837/
КГМУ,Стоматология (31.05.03),Стоматология,Врач-стоматолог,https://kursk.postupi.online/vuz/stomatologicheskij-fakultet-kurskij-gmu/programma/978/
КГМУ,Биотехнология (19.03.01),Биотехнология биологически активных веществ,Бакалавр,https://kursk.postupi.online/vuz/biotehnologicheskij-fakultet-kurskij-gmu/programma/3280/
КГМУ,Лечебное дело (31.05.01),Лечебное дело,Врач-лечебник,https://kursk.postupi.online/vuz/lechebnyj-fakultet-kurskij-gmu/programma/774/
КГМУ,Клиническая психология (37.05.01),Нейропсихологическая реабилитация и коррекционно-развивающие обучение,Клинический психолог,https://kursk.postupi.online/vuz/fakultet-klinicheskoj-psihologii-kurskij-gmu/programma/6829/
КГМУ,Химическая технология (18.03.01),Химическая технология биологически активных веществ,Бакалавр,https://kursk.postupi.online/vuz/biotehnologicheskij-fakultet-kurskij-gmu/programma/14655/
КГМУ,Педиатрия (31.05.02),Педиатрия,Врач-педиатр,https://kursk.postupi.online/vuz/pediatricheskij-fakultet-kurskij-gmu/programma/1185/
КГМУ,Клиническая психология (37.05.01),Патопсихологическая диагностика и психотерапия,Клинический психолог,https://kursk.postupi.online/vuz/fakultet-klinicheskoj-psihologii-kurskij-gmu/programma/1189/
КГМУ,Фармация (33.05.01),Фармация,Провизор,https://kursk.postupi.online/vuz/farmacevticheskij-fakultet-kurskij-gmu/programma/775/
РОСИ,Продукты питания из растительного сырья (19.03.02),"Технология хлеба, кондитерских и макаронных изделий",Бакалавр,https://kursk.postupi.online/vuz/rosi/programma/1492/
РОСИ,Юриспруденция (40.03.01),Юрист общей практики,Бакалавр,https://kursk.postupi.online/vuz/rosi/programma/368/
РОСИ,Прикладная информатика (09.03.03),Прикладная информатика в менеджменте,Бакалавр,https://kursk.postupi.online/vuz/rosi/programma/1917/
РОСИ,Программная инженерия (09.03.04),Разработка программных приложений и систем,Бакалавр,https://kursk.postupi.online/vuz/rosi/programma/4573/
РОСИ,Информатика и вычислительная техника (09.03.01),"Вычислительные машины, комплексы, системы и сети",Бакалавр,https://kursk.postupi.online/vuz/rosi/programma/54/
ЮЗГУ,Нанотехнологии и микросистемная техника (28.03.01),Микро- и наносистемы,Бакалавр,https://kursk.postupi.online/vuz/enf-yuzgu/programma/281/
ЮЗГУ,Государственное и муниципальное управление (38.03.04),Организационно-аналитическое обеспечение административного управления,Бакалавр,https://kursk.postupi.online/vuz/guimo-yuzgu/programma/5522/
ЮЗГУ,Конструирование изделий легкой промышленности (29.03.05),Дизайн и индустрия моды,Бакалавр,https://kursk.postupi.online/vuz/mtf-yuzgu/programma/3215/
ЮЗГУ,Экономика (38.03.01),Финансы и кредит,Бакалавр,https://kursk.postupi.online/vuz/feim-yuzgu/programma/389/
ЮЗГУ,Экономика (38.03.01),Внешнеэкономическая деятельность и международный бизнес,Бакалавр,https://kursk.postupi.online/vuz/feim-yuzgu/programma/4823/
ЮЗГУ,Экономика (38.03.01),Экономика предприятий и организаций,Бакалавр,https://kursk.postupi.online/vuz/feim-yuzgu/programma/424/
ЮЗГУ,Социология (39.03.01),Социология маркетинга и управление организацией,Бакалавр,https://kursk.postupi.online/vuz/feim-yuzgu/programma/11728/
ЮЗГУ,Экономика (38.03.01),"Экономика, финансы и учет",Бакалавр,https://kursk.postupi.online/vuz/feim-yuzgu/programma/3007/
ЮЗГУ,Фундаментальная и прикладная лингвистика (45.03.03),Теоретическая и прикладная лингвистика,Бакалавр,https://kursk.postupi.online/vuz/flmk-yuzgu/programma/674/
ЮЗГУ,Юриспруденция (40.03.01),Юрист общей практики,Бакалавр,https://kursk.postupi.online/vuz/yuridicheskij-fakultet-yuzgu/programma/368/
ЮЗГУ,Гостиничное дело (43.03.03),Ресторанная деятельность,Бакалавр,https://kursk.postupi.online/vuz/flmk-yuzgu/programma/3042/
ЮЗГУ,Химическая технология (18.03.01),Современные композиционные материалы,Бакалавр,https://kursk.postupi.online/vuz/enf-yuzgu/programma/17563/
ЮЗГУ,Электроэнергетика и электротехника (13.03.02),Электроснабжение,Бакалавр,https://kursk.postupi.online/vuz/fsa-yuzgu/programma/507/
ЮЗГУ,Наземные транспортно-технологические средства (23.05.01),Автомобильная техника в транспортных технологиях,Инженер,https://kursk.postupi.online/vuz/mtf-yuzgu/programma/2477/
ЮЗГУ,Строительство (08.03.01),Промышленное и гражданское строительство,Бакалавр,https://kursk.postupi.online/vuz/fsa-yuzgu/programma/228/
КГУ,Профессиональное обучение (по отраслям) (44.03.04),Технология машиностроения и материалообработки,Академический бакалавр,https://kursk.postupi.online/vuz/industrial-kgu-kursk/programma/4729/
КГУ,Химическая технология (18.03.01),"Технология синтетических биологически активных веществ, химико-фармацевтических препаратов и косметических средств",Бакалавр,https://kursk.postupi.online/vuz/egf-kgu-kursk/programma/1111/
КГУ,Техносферная безопасность (20.03.01),Безопасность труда и технологических процессов,Бакалавр,https://kursk.postupi.online/vuz/industrial-kgu-kursk/programma/2538/
КГУ,Информатика и вычислительная техника (09.03.01),Прикладной искусственный интеллект,Бакалавр,https://kursk.postupi.online/vuz/fmi-kgu-kursk/programma/13076/
КГУ,Дизайн (54.03.01),Дизайн интерьера,Академический бакалавр,https://kursk.postupi.online/vuz/hgf-kgu-kursk/programma/2710/
КГУ,Информационная безопасность (10.03.01),Безопасность компьютерных систем (в сфере техники и технологии),Бакалавр,https://kursk.postupi.online/vuz/fmi-kgu-kursk/programma/80/
КГУ,Архитектура (07.03.01),Архитектурно-градостроительное проектирование,Академический бакалавр,https://kursk.postupi.online/vuz/hgf-kgu-kursk/programma/218/
КГУ,Живопись (54.05.02),Художник-живописец (станковая живопись),Художник-живописец (Станковая живопись),https://kursk.postupi.online/vuz/hgf-kgu-kursk/programma/3393/
КГУ,Лингвистика (45.03.02),Теория и практика перевода,Прикладной бакалавр,https://kursk.postupi.online/vuz/inyaz-kgu-kursk/programma/1921/
КГУ,Педагогическое образование (с двумя профилями подготовки) (44.03.05),История и Обществознание,Прикладной бакалавр,https://kursk.postupi.online/vuz/istoricheskij-fakultet-kgu-kursk/programma/377/
КГУ,Дизайн (54.03.01),Анимация и иллюстрация,Академический бакалавр,https://kursk.postupi.online/vuz/hgf-kgu-kursk/programma/354/
КГУ,Музыкально-инструментальное искусство (53.03.02),Исполнительство на музыкальных инструментах: фортепиано,Бакалавр,https://kursk.postupi.online/vuz/iskusstv-i-art-pedagogiki-kgu-kursk/programma/612/
КГУ,Экономика (38.03.01),"Экономика, финансы и бухгалтерский учет",Академический бакалавр,https://kursk.postupi.online/vuz/institut-ekonomiki-i-upravleniya-kgu-kursk/programma/17446/
КГУ,Искусство костюма и текстиля (54.03.03),Дизайн визуальных коммуникаций в искусстве костюма и текстиля,Бакалавр,https://kursk.postupi.online/vuz/hgf-kgu-kursk/programma/11097/
КГУ,Дирижирование (53.03.05),Дирижирование академическим хором,Бакалавр,https://kursk.postupi.online/vuz/iskusstv-i-art-pedagogiki-kgu-kursk/programma/614/
КГУ,Судебная и прокурорская деятельность (40.05.04),Судебная деятельность,Бакалавр,https://kursk.postupi.online/vuz/yurfak-kgu-kursk/programma/8493/
КГУ,Менеджмент (38.03.02),Менеджмент организации,Прикладной бакалавр,https://kursk.postupi.online/vuz/institut-ekonomiki-i-upravleniya-kgu-kursk/programma/307/
КГУ,Социальная работа (39.03.02),Социальная работа в системе социальных служб,Академический бакалавр,https://kursk.postupi.online/vuz/isit-kgu-kursk/programma/1376/
КГУ,Юриспруденция (40.03.01),Уголовное право и уголовный процесс,Академический бакалавр,https://kursk.postupi.online/vuz/yurfak-kgu-kursk/programma/4386/
КГУ,Сервис (43.03.01),Сервис автотранспортных средств,Академический бакалавр,https://kursk.postupi.online/vuz/industrial-kgu-kursk/programma/594/
ЮЗГУ,Вокальное искусство (53.03.03),Академическое пение,"Концертно-камерный певец, преподаватель (Академическое пение)",https://kursk.postupi.online/vuz/flmk-yuzgu/programma/2154/
ЮЗГУ,Информационная безопасность телекоммуникационных систем (10.05.02),Управление безопасностью телекоммуникационных систем и сетей,Специалист по защите информации,https://kursk.postupi.online/vuz/ffipi-yuzgu/programma/1049/
ЮЗГУ,Строительство (08.03.01),Автомобильные дороги,Бакалавр,https://kursk.postupi.online/vuz/fsa-yuzgu/programma/235/
ЮЗГУ,Таможенное дело (38.05.02),Организация таможенного контроля,Специалист таможенного дела,https://kursk.postupi.online/vuz/guimo-yuzgu/programma/603/
ЮЗГУ,Математическое обеспечение и администрирование информационных систем (02.03.03),Интеллектуальный анализ данных в экономике,Бакалавр,https://kursk.postupi.online/vuz/ffipi-yuzgu/programma/17562/
ЮЗГУ,Информатика и вычислительная техника (09.03.01),Интеллектуальные системы в цифровой экономике,Бакалавр,https://kursk.postupi.online/vuz/ffipi-yuzgu/programma/14344/
ЮЗГУ,Инфокоммуникационные технологии и системы связи (11.03.02),Системы мобильной связи,Бакалавр,https://kursk.postupi.online/vuz/ffipi-yuzgu/programma/647/
ЮЗГУ,Химическая технология (18.03.01),Химико-технологическое производство,Бакалавр,https://kursk.postupi.online/vuz/enf-yuzgu/programma/2448/
ЮЗГУ,Горное дело (21.05.04),Открытые горные работы,Горный инженер (специалист),https://kursk.postupi.online/vuz/fsa-yuzgu/programma/496/
ЮЗГУ,Продукты питания из растительного сырья (19.03.02),Организация и управление в производстве продуктов питания,Бакалавр,https://kursk.postupi.online/vuz/guimo-yuzgu/programma/14348/
ЮЗГУ,Горное дело (21.05.04),Обогащение полезных ископаемых,Горный инженер (специалист),https://kursk.postupi.online/vuz/fsa-yuzgu/programma/1652/
ЮЗГУ,Правовое обеспечение национальной безопасности (40.05.01),Международно-правовая специализация,Юрист,https://kursk.postupi.online/vuz/yuridicheskij-fakultet-yuzgu/programma/607/
ЮЗГУ,Правоохранительная деятельность (40.05.02),Оперативно-розыскная деятельность,Юрист,https://kursk.postupi.online/vuz/yuridicheskij-fakultet-yuzgu/programma/1287/
ЮЗГУ,Строительство уникальных зданий и сооружений (08.05.01),Строительство высотных и большепролетных зданий и сооружений,Инженер-строитель,https://kursk.postupi.online/vuz/fsa-yuzgu/programma/946/
ЮЗГУ,Правоохранительная деятельность (40.05.02),Административная деятельность полиции,Юрист,https://kursk.postupi.online/vuz/yuridicheskij-fakultet-yuzgu/programma/1024/
ЮЗГУ,Экономика (38.03.01),"Бухгалтерский учет, анализ и аудит",Бакалавр,https://kursk.postupi.online/vuz/feim-yuzgu/programma/390/
ЮЗГУ,Конфликтология (37.03.02),Конфликтология в управлении персоналом,Бакалавр,https://kursk.postupi.online/vuz/flmk-yuzgu/programma/3164/
ЮЗГУ,Международные отношения (41.03.05),Бизнес-аналитика и деловое администрирование в международных отношениях,Бакалавр,https://kursk.postupi.online/vuz/guimo-yuzgu/programma/591/
КГУ,Педагогическое образование (44.03.01),Музыка,Прикладной бакалавр,https://kursk.postupi.online/vuz/iskusstv-i-art-pedagogiki-kgu-kursk/programma/542/
КГУ,Психолого-педагогическое образование (44.03.02),Психология образовательной деятельности,Академический бакалавр,https://kursk.postupi.online/vuz/pedagogiki-i-psihologii-kgu-kursk/programma/1620/
КГУ,Педагогическое образование (с двумя профилями подготовки) (44.03.05),Иностранный язык (немецкий) и Иностранный язык (английский),Прикладной бакалавр,https://kursk.postupi.online/vuz/inyaz-kgu-kursk/programma/9061/
КГУ,Педагогическое образование (с двумя профилями подготовки) (44.03.05),Изобразительное искусство и Дополнительное образование (декоративно-прикладное искусство),Бакалавр,https://kursk.postupi.online/vuz/iskusstv-i-art-pedagogiki-kgu-kursk/programma/9607/
КГУ,Журналистика (42.03.02),Конвергентная журналистика,Прикладной бакалавр,https://kursk.postupi.online/vuz/filfak-kgu-kursk/programma/2325/
КГУ,История (46.03.01),История России и зарубежных стран,Академический бакалавр,https://kursk.postupi.online/vuz/istoricheskij-fakultet-kgu-kursk/programma/5131/
КГУ,Математическое обеспечение и администрирование информационных систем (02.03.03),Проектирование информационных систем и баз данных,Академический бакалавр,https://kursk.postupi.online/vuz/fmi-kgu-kursk/programma/49/
КГУ,Электроника и наноэлектроника (11.03.04),Технологии в наноэлектронике,Академический бакалавр,https://kursk.postupi.online/vuz/fmi-kgu-kursk/programma/279/
КГУ,Биология (06.03.01),Биоэкология,Академический бакалавр,https://kursk.postupi.online/vuz/egf-kgu-kursk/programma/193/
КГУ,Лингвистика (45.03.02),Теория и методика иноязычного образования (английский и китайский языки),Бакалавр,https://kursk.postupi.online/vuz/inyaz-kgu-kursk/programma/1841/
КГУ,Управление персоналом (38.03.03),Управление персоналом в отраслях и сферах деятельности,Прикладной бакалавр,https://kursk.postupi.online/vuz/institut-ekonomiki-i-upravleniya-kgu-kursk/programma/314/
КГУ,Педагогическое образование (с двумя профилями подготовки) (44.03.05),Начальное образование и Дошкольное образование,Бакалавр,https://kursk.postupi.online/vuz/pedagogiki-i-psihologii-kgu-kursk/programma/2150/
КГУ,Философия (47.03.01),Философия культуры,Академический бакалавр,https://kursk.postupi.online/vuz/filosofii-i-sociologii-kgu-kursk/programma/9701/
КГУ,Физическая культура (49.03.01),Теория и методики подготовки спортсменов,Прикладной бакалавр,https://kursk.postupi.online/vuz/fizkultury-i-sporta-kgu-kursk/programma/3616/
КГУ,Прикладная математика и информатика (01.03.02),Математическое и компьютерное моделирование,Академический бакалавр,https://kursk.postupi.online/vuz/fmi-kgu-kursk/programma/1571/
КГУ,Психолого-педагогическое образование (44.03.02),Начальное образование,Академический бакалавр,https://kursk.postupi.online/vuz/pedagogiki-i-psihologii-kgu-kursk/programma/370/
КГУ,Специальное (дефектологическое) образование (44.03.03),Логопедия детей и взрослых,Академический бакалавр,https://kursk.postupi.online/vuz/defektologicheskij-fakultet-kgu-kursk/programma/477/
КГУ,Туризм (43.03.02),Технология и организация экскурсионных услуг,Бакалавр,https://kursk.postupi.online/vuz/egf-kgu-kursk/programma/344/
КГУ,Искусство костюма и текстиля (54.03.03),Художественное проектирование текстильных изделий,Академический бакалавр,https://kursk.postupi.online/vuz/hgf-kgu-kursk/programma/401/
КГУ,Химия (04.03.01),Органическая и биоорганическая химия,Академический бакалавр,https://kursk.postupi.online/vuz/egf-kgu-kursk/programma/152/
ЮЗГУ,Строительство (08.03.01),Экспертиза и управление недвижимостью,Бакалавр,https://kursk.postupi.online/vuz/fsa-yuzgu/programma/237/
ЮЗГУ,Мехатроника и робототехника (15.03.06),Сервисная робототехника,Бакалавр,https://kursk.postupi.online/vuz/enf-yuzgu/programma/9673/
ЮЗГУ,Эксплуатация транспортно-технологических машин и комплексов (23.03.03),Автомобильный сервис,Бакалавр,https://kursk.postupi.online/vuz/mtf-yuzgu/programma/380/
ЮЗГУ,Прикладная информатика (09.03.03),Информационные системы и аналитика данных в международном бизнесе,Бакалавр,https://kursk.postupi.online/vuz/guimo-yuzgu/programma/19307/
ЮЗГУ,Информационная безопасность (10.03.01),Безопасность автоматизированных систем в сфере информационных и коммуникационных технологий,Бакалавр,https://kursk.postupi.online/vuz/ffipi-yuzgu/programma/1119/
ЮЗГУ,Управление персоналом (38.03.03),Управление персоналом организации,Бакалавр,https://kursk.postupi.online/vuz/feim-yuzgu/programma/314/
ЮЗГУ,Химия (04.03.01),Органическая и биоорганическая химия,Бакалавр,https://kursk.postupi.online/vuz/enf-yuzgu/programma/152/
ЮЗГУ,Медицинская кибернетика (30.05.03),Медицинские информационные системы,Врач-кибернетик,https://kursk.postupi.online/vuz/ffipi-yuzgu/programma/12012/
ЮЗГУ,Правоохранительная деятельность (40.05.02),Воспитательно-правовая деятельность,Юрист,https://kursk.postupi.online/vuz/yuridicheskij-fakultet-yuzgu/programma/6153/
ЮЗГУ,Архитектура (07.03.01),Архитектура жилых и общественных зданий,Бакалавр,https://kursk.postupi.online/vuz/fsa-yuzgu/programma/1510/
ЮЗГУ,Экономическая безопасность (38.05.01),Экономико-правовое обеспечение экономической безопасности,Экономист,https://kursk.postupi.online/vuz/feim-yuzgu/programma/601/
ЮЗГУ,Строительство (08.03.01),Теплогазоснабжение и вентиляция,Бакалавр,https://kursk.postupi.online/vuz/fsa-yuzgu/programma/232/
ЮЗГУ,Информатика и вычислительная техника (09.03.01),"Вычислительные машины, комплексы, системы и сети",Бакалавр,https://kursk.postupi.online/vuz/ffipi-yuzgu/programma/54/
ЮЗГУ,Продукты питания животного происхождения (19.03.03),Управление и проектирование производственных систем молочной и мясной индустрии,Бакалавр,https://kursk.postupi.online/vuz/guimo-yuzgu/programma/5398/
ЮЗГУ,Правоохранительная деятельность (40.05.02),Обеспечение безопасности в уголовно-исполнительной системе,Юрист,https://kursk.postupi.online/vuz/yuridicheskij-fakultet-yuzgu/programma/9677/
ЮЗГУ,Биотехнические системы и технологии (12.03.04),Биотехнические и медицинские аппараты и системы,Бакалавр,https://kursk.postupi.online/vuz/ffipi-yuzgu/programma/1174/
КГУ,Специальное (дефектологическое) образование (44.03.03),Образование детей с интеллектуальными нарушениями,Академический бакалавр,https://kursk.postupi.online/vuz/defektologicheskij-fakultet-kgu-kursk/programma/544/
КГУ,Теология (48.03.01),Культура православия,Академический бакалавр,https://kursk.postupi.online/vuz/teology-kgu-kursk/programma/518/
КГУ,Педагогическое образование (с двумя профилями подготовки) (44.03.05),География и Биология,Прикладной бакалавр,https://kursk.postupi.online/vuz/egf-kgu-kursk/programma/2796/
КГУ,Психолого-педагогическое образование (44.03.02),Дошкольное образование,Академический бакалавр,https://kursk.postupi.online/vuz/pedagogiki-i-psihologii-kgu-kursk/programma/1221/
КГУ,Педагогическое образование (с двумя профилями подготовки) (44.03.05),Иностранный язык (французский) и Иностранный язык (английский),Прикладной бакалавр,https://kursk.postupi.online/vuz/inyaz-kgu-kursk/programma/2171/
КГУ,Специальное (дефектологическое) образование (44.03.03),Образование детей с расстройствами аутистического спектра,Бакалавр,https://kursk.postupi.online/vuz/defektologicheskij-fakultet-kgu-kursk/programma/16220/
КГУ,Музыкально-инструментальное искусство (53.03.02),Исполнительство на музыкальных инструментах: оркестровые духовые и ударные инструменты,Бакалавр,https://kursk.postupi.online/vuz/iskusstv-i-art-pedagogiki-kgu-kursk/programma/3252/
КГУ,Дизайн (54.03.01),Графический дизайн,Бакалавр,https://kursk.postupi.online/vuz/hgf-kgu-kursk/programma/72/
ЮЗГУ,Журналистика (42.03.02),Мультимедийная и традиционная журналистика,Бакалавр,https://kursk.postupi.online/vuz/flmk-yuzgu/programma/2678/
ЮЗГУ,Программная инженерия (09.03.04),Разработка программно-информационных систем,Бакалавр,https://kursk.postupi.online/vuz/ffipi-yuzgu/programma/458/
ЮЗГУ,Инфокоммуникационные технологии и системы связи (11.03.02),Сети связи и системы коммутации,Бакалавр,https://kursk.postupi.online/vuz/ffipi-yuzgu/programma/1045/
